firstName,lastName,age
Nham,Hung,70
Tran,Linh,51
David,Davis,44
Alice,Johnson,64
Helen,Williams,69
Alice,Williams,61
Helen,Johnson,36
Alice,Clark,59
Jane,Taylor,39
David,Taylor,53
David,Jones,22
Grace,Clark,24
Charlie,Clark,45
Eva,Johnson,43
Jane,Davis,46
Grace,Taylor,43
David,Williams,30
Eva,Wilson,24
Bob,Miller,25
Alice,Smith,35
Bob,Johnson,32
Helen,Wilson,25
David,Brown,32
Frank,Johnson,32
Grace,Clark,50
Helen,Davis,42
Alice,Jones,36
David,Davis,25
David,Jones,39
Grace,Clark,38
Bob,Brown,68
Eva,Taylor,30
Eva,Smith,42
Alice,Williams,56
David,Clark,46
Charlie,Taylor,38
Helen,Smith,20
Frank,Clark,51
Grace,Smith,22
Charlie,Wilson,39
Bob,Miller,49
Eva,Williams,23
Bob,Taylor,53
Charlie,Smith,64
Frank,Johnson,56
Grace,Brown,63
Alice,Davis,41
Helen,Miller,35
Jane,Brown,64
Charlie,Wilson,27
Bob,Williams,40
Grace,Clark,48
Alice,Miller,29
David,Davis,46
Ian,Taylor,19
Eva,Smith,29
Eva,Williams,66
Bob,Taylor,47
Alice,Jones,20
Eva,Williams,70
Frank,Clark,51
Bob,Jones,70
Grace,Brown,50
Helen,Davis,60
Charlie,Williams,59
Charlie,Miller,26
Eva,Brown,51
Alice,Williams,51
Alice,Williams,19
Jane,Miller,40
Eva,Williams,21
Grace,Brown,44
Charlie,Clark,55
Eva,Miller,52
Helen,Jones,48
Helen,Clark,40
Bob,Williams,64
Helen,Davis,57
Ian,Davis,32
Alice,Taylor,30
Charlie,Jones,30
Frank,Davis,41
Jane,Wilson,30
Bob,Brown,64
David,Brown,52
Jane,Wilson,18
Frank,Jones,47
Grace,Williams,35
Grace,Jones,67
Alice,Davis,62
Frank,Jones,62
Jane,Williams,22
Grace,Clark,43
Jane,Smith,45
Grace,Wilson,20
David,Jones,19
Grace,Brown,61
Helen,Clark,46
Helen,Smith,32
Ian,Johnson,53
